id,nome,maiorSequenciaEmpate,maiorSequenciaDerrota,maiorSequenciaVitoria,totalAmarelos,totalVermelhos,forma
127,Flamengo,1,1,8,90,3,WLDWLWWDWWDWLWWWWWWWWDWWWWWWDWWWDWWWWL
128,Santos,1,2,7,108,9,WWDWLDWWWWWWWLLDWDLLDWWWDWLDWWWWDWLWLW
121,Palmeiras,4,3,7,71,3,WDWWWWWWWDLDDDDLWWWWWDDLWWDWWWWDDLLLWW
130,Gremio,3,2,5,80,2,LDLDLWLWWWDDDLDWDWWWWLDWWLLWWWWWLWLWWL
134,Atletico Paranaense,1,2,4,82,1,WLDWLLWLLWWWLWLLWDLDWDWDLWDWDWDWWWWDWD
126,Sao Paulo,4,2,5,85,6,WWDWDLDDDDWWWWWLDLDWLDWDWLWWLWLLDDWLWW
119,Internacional,2,2,4,94,3,LWLWWDWLWLDWLDWLWWWWLDDLDWLWDLLWDDLWLW
131,Corinthians,2,2,3,69,1,LWDDWWDLWDWDWDWDWDLWWWDDLDLDLLWDDLWLWL
151,Goias,2,3,4,88,7,WLLWWLWWLDDLLLDWLLLWWWWLWDDLDWLLDWWLLW
154,Fortaleza EC,1,2,2,85,5,LWLLWDLLWWDLLWLDWLDLLWLWLLWDWDLWWDWWDW
133,Vasco DA Gama,2,2,3,103,4,LLDLDDLWWLWDDWLWLLWDLWLDWWWDLDLWDDLWDD
118,Bahia,2,3,3,68,6,WLWLDWWDLLDDWDDWWWDLWWLDLWLLLDDLDLDWDL
124,Fluminense,3,3,2,88,8,LLWLWLLDDDLLWLLLWLWLDWWDWLLDLDWLDWWDDW
1062,Atletico-MG,2,6,3,73,5,WWWLWLWLDWDDWWLLLLLLWLDLLDWLLDWDDLDWWL
120,Botafogo,1,4,3,95,3,LWWWLLWWLDLLWWLDLWDLLLLWLLWLLLLWLWWLLD
129,Ceara,2,3,2,86,2,WLLLWWLDLDWLWWLLLDDLDLLLWLWDWLWLLDLDLD
135,Cruzeiro,4,3,2,89,6,LWWLLLDDLDDLLDWDWLLLDLDDDWWDWDDDDLLLLL
150,CSA,3,5,2,95,4,LDDDLWLLLLLDDLWDLWDWLLWWLDLLWLLLLLWLLL
132,Chapecoense-sc,2,4,2,79,5,WLDLLWLLDLLDDLWDLLLLDLLLDLDDWLDLWWLLWD
145,Avai,2,8,2,79,10,LDLDDLLDLLDLLDLDWLWWLLLDLLLLLLLLDLLDLD
